
{
  "header": {
    "reportVersion": 1,
    "event": "Allocation failed - JavaScript heap out of memory",
    "trigger": "FatalError",
    "filename": "report.20200419.195658.8988.0.001.json",
    "dumpEventTime": "2020-04-19T19:57:00Z",
    "dumpEventTimeStamp": "1587322620541",
    "processId": 8988,
    "cwd": "d:\\VS Code Projects\\JS Advanced\\JS Advanced\\Objects Lab",
    "commandLine": [
      "C:\\Program Files\\nodejs\\node.exe",
      "Count Words in a Text.js"
    ],
    "nodejsVersion": "v12.14.1",
    "wordSize": 64,
    "arch": "x64",
    "platform": "win32",
    "componentVersions": {
      "node": "12.14.1",
      "v8": "7.7.299.13-node.16",
      "uv": "1.33.1",
      "zlib": "1.2.11",
      "brotli": "1.0.7",
      "ares": "1.15.0",
      "modules": "72",
      "nghttp2": "1.40.0",
      "napi": "5",
      "llhttp": "2.0.1",
      "http_parser": "2.8.0",
      "openssl": "1.1.1d",
      "cldr": "35.1",
      "icu": "64.2",
      "tz": "2019c",
      "unicode": "12.1"
    },
    "release": {
      "name": "node",
      "lts": "Erbium",
      "headersUrl": "https://nodejs.org/download/release/v12.14.1/node-v12.14.1-headers.tar.gz",
      "sourceUrl": "https://nodejs.org/download/release/v12.14.1/node-v12.14.1.tar.gz",
      "libUrl": "https://nodejs.org/download/release/v12.14.1/win-x64/node.lib"
    },
    "osName": "Windows_NT",
    "osRelease": "10.0.18362",
    "osVersion": "Windows 10 Home",
    "osMachine": "x86_64",
    "cpus": [
      {
        "model": "Intel(R) Core(TM) i5-9300H CPU @ 2.40GHz",
        "speed": 2400,
        "user": 2451703,
        "nice": 0,
        "sys": 3051390,
        "idle": 66566609,
        "irq": 934687
      },
      {
        "model": "Intel(R) Core(TM) i5-9300H CPU @ 2.40GHz",
        "speed": 2400,
        "user": 857015,
        "nice": 0,
        "sys": 580625,
        "idle": 70631671,
        "irq": 38500
      },
      {
        "model": "Intel(R) Core(TM) i5-9300H CPU @ 2.40GHz",
        "speed": 2400,
        "user": 3468468,
        "nice": 0,
        "sys": 1568562,
        "idle": 67032296,
        "irq": 34812
      },
      {
        "model": "Intel(R) Core(TM) i5-9300H CPU @ 2.40GHz",
        "speed": 2400,
        "user": 1217421,
        "nice": 0,
        "sys": 633421,
        "idle": 70218484,
        "irq": 18578
      },
      {
        "model": "Intel(R) Core(TM) i5-9300H CPU @ 2.40GHz",
        "speed": 2400,
        "user": 3024343,
        "nice": 0,
        "sys": 1181265,
        "idle": 67863703,
        "irq": 32234
      },
      {
        "model": "Intel(R) Core(TM) i5-9300H CPU @ 2.40GHz",
        "speed": 2400,
        "user": 956062,
        "nice": 0,
        "sys": 953234,
        "idle": 70160015,
        "irq": 26437
      },
      {
        "model": "Intel(R) Core(TM) i5-9300H CPU @ 2.40GHz",
        "speed": 2400,
        "user": 1864171,
        "nice": 0,
        "sys": 972296,
        "idle": 69232843,
        "irq": 23968
      },
      {
        "model": "Intel(R) Core(TM) i5-9300H CPU @ 2.40GHz",
        "speed": 2400,
        "user": 2196484,
        "nice": 0,
        "sys": 1219265,
        "idle": 68653562,
        "irq": 21953
      }
    ],
    "networkInterfaces": [
      {
        "name": "Wi-Fi",
        "internal": false,
        "mac": "28:39:26:90:27:9b",
        "address": "fe80::eca1:54fc:dbd6:de0a",
        "netmask": "ffff:ffff:ffff:ffff::",
        "family": "IPv6",
        "scopeid": 18
      },
      {
        "name": "Wi-Fi",
        "internal": false,
        "mac": "28:39:26:90:27:9b",
        "address": "192.168.0.23",
        "netmask": "255.255.255.0",
        "family": "IPv4"
      },
      {
        "name": "Loopback Pseudo-Interface 1",
        "internal": true,
        "mac": "00:00:00:00:00:00",
        "address": "::1",
        "netmask": "ffff:ffff:ffff:ffff:ffff:ffff:ffff:ffff",
        "family": "IPv6",
        "scopeid": 0
      },
      {
        "name": "Loopback Pseudo-Interface 1",
        "internal": true,
        "mac": "00:00:00:00:00:00",
        "address": "127.0.0.1",
        "netmask": "255.0.0.0",
        "family": "IPv4"
      }
    ],
    "host": "LAPTOP-G1SQTCVU"
  },
  "javascriptStack": {
    "message": "No stack.",
    "stack": [
      "Unavailable."
    ]
  },
  "nativeStack": [
    {
      "pc": "0x00007ff6a96a1759",
      "symbol": "std::basic_ostream<char,std::char_traits<char> >::operator<<+10873"
    },
    {
      "pc": "0x00007ff6a96a5b7c",
      "symbol": "std::basic_ostream<char,std::char_traits<char> >::operator<<+28316"
    },
    {
      "pc": "0x00007ff6a96a4b38",
      "symbol": "std::basic_ostream<char,std::char_traits<char> >::operator<<+24152"
    },
    {
      "pc": "0x00007ff6a979433b",
      "symbol": "v8::base::CPU::has_sse+37723"
    },
    {
      "pc": "0x00007ff6a9f98c5e",
      "symbol": "v8::Isolate::ReportExternalAllocationLimitReached+94"
    },
    {
      "pc": "0x00007ff6a9f80ca1",
      "symbol": "v8::SharedArrayBuffer::Externalize+833"
    },
    {
      "pc": "0x00007ff6a9e4e56c",
      "symbol": "v8::internal::Heap::EphemeronKeyWriteBarrierFromCode+1436"
    },
    {
      "pc": "0x00007ff6a9e59910",
      "symbol": "v8::internal::Heap::ProtectUnprotectedMemoryChunks+1312"
    },
    {
      "pc": "0x00007ff6a9e56444",
      "symbol": "v8::internal::Heap::PageFlagsAreConsistent+3204"
    },
    {
      "pc": "0x00007ff6a9e4bcd3",
      "symbol": "v8::internal::Heap::CollectGarbage+1283"
    },
    {
      "pc": "0x00007ff6a9e4a4a4",
      "symbol": "v8::internal::Heap::AddRetainedMap+2356"
    },
    {
      "pc": "0x00007ff6a9e6b775",
      "symbol": "v8::internal::Factory::NewFillerObject+53"
    },
    {
      "pc": "0x00007ff6a9bd78d7",
      "symbol": "v8::internal::interpreter::JumpTableTargetOffsets::iterator::operator=+3687"
    },
    {
      "pc": "0x00007ff6aa3c463d",
      "symbol": "v8::internal::SetupIsolateDelegate::SetupHeap+567949"
    },
    {
      "pc": "0x0000010ddaf5b6de",
      "symbol": ""
    }
  ],
  "javascriptHeap": {
    "totalMemory": 2154627072,
    "totalCommittedMemory": 2154627072,
    "usedMemory": 2147752312,
    "availableMemory": 47188040,
    "memoryLimit": 2197815296,
    "heapSpaces": {
      "read_only_space": {
        "memorySize": 262144,
        "committedMemory": 262144,
        "capacity": 261872,
        "used": 32296,
        "available": 229576
      },
      "new_space": {
        "memorySize": 4194304,
        "committedMemory": 4194304,
        "capacity": 2094976,
        "used": 467752,
        "available": 1627224
      },
      "old_space": {
        "memorySize": 2149167104,
        "committedMemory": 2149167104,
        "capacity": 2146862960,
        "used": 2146814920,
        "available": 48040
      },
      "code_space": {
        "memorySize": 425984,
        "committedMemory": 425984,
        "capacity": 230592,
        "used": 230592,
        "available": 0
      },
      "map_space": {
        "memorySize": 528384,
        "committedMemory": 528384,
        "capacity": 203200,
        "used": 203200,
        "available": 0
      },
      "large_object_space": {
        "memorySize": 0,
        "committedMemory": 0,
        "capacity": 0,
        "used": 0,
        "available": 0
      },
      "code_large_object_space": {
        "memorySize": 49152,
        "committedMemory": 49152,
        "capacity": 3552,
        "used": 3552,
        "available": 0
      },
      "new_large_object_space": {
        "memorySize": 0,
        "committedMemory": 0,
        "capacity": 2094976,
        "used": 0,
        "available": 2094976
      }
    }
  },
  "resourceUsage": {
    "userCpuSeconds": 132.906,
    "kernelCpuSeconds": 12.046,
    "cpuConsumptionPercent": 117.847,
    "maxRss": 2244907008,
    "pageFaults": {
      "IORequired": 787830,
      "IONotRequired": 0
    },
    "fsActivity": {
      "reads": 1,
      "writes": 6345924
    }
  },
  "libuv": [
  ],
  "environmentVariables": {
    "=D:": "d:\\VS Code Projects\\JS Advanced\\JS Advanced\\Objects Lab",
    "ALLUSERSPROFILE": "C:\\ProgramData",
    "AMD_ENTRYPOINT": "vs/workbench/services/extensions/node/extensionHostProcess",
    "APPDATA": "C:\\Users\\ste4o\\AppData\\Roaming",
    "APPLICATION_INSIGHTS_NO_DIAGNOSTIC_CHANNEL": "true",
    "CommonProgramFiles": "C:\\Program Files\\Common Files",
    "CommonProgramFiles(x86)": "C:\\Program Files (x86)\\Common Files",
    "CommonProgramW6432": "C:\\Program Files\\Common Files",
    "COMPUTERNAME": "LAPTOP-G1SQTCVU",
    "ComSpec": "C:\\Windows\\system32\\cmd.exe",
    "DriverData": "C:\\Windows\\System32\\Drivers\\DriverData",
    "ELECTRON_CRASHPAD_PIPE_NAME": "\\\\.\\pipe\\crashpad_14824_FWBUSWFXSXQSZSTG",
    "HOMEDRIVE": "C:",
    "HOMEPATH": "\\Users\\ste4o",
    "LOCALAPPDATA": "C:\\Users\\ste4o\\AppData\\Local",
    "LOGONSERVER": "\\\\LAPTOP-G1SQTCVU",
    "NUMBER_OF_PROCESSORS": "8",
    "OneDrive": "C:\\Users\\ste4o\\OneDrive",
    "OneDriveConsumer": "C:\\Users\\ste4o\\OneDrive",
    "OS": "Windows_NT",
    "Path": "C:\\Program Files (x86)\\Common Files\\Oracle\\Java\\javapath;C:\\Windows\\system32;C:\\Windows;C:\\Windows\\System32\\Wbem;C:\\Windows\\System32\\WindowsPowerShell\\v1.0\\;C:\\Windows\\System32\\OpenSSH\\;C:\\Program Files (x86)\\NVIDIA Corporation\\PhysX\\Common;C:\\Program Files\\NVIDIA Corporation\\NVIDIA NvDLISR;C:\\Program Files\\nodejs\\;C:\\Program Files\\Git\\cmd;C:\\Users\\ste4o\\AppData\\Local\\Microsoft\\WindowsApps;C:\\Users\\ste4o\\AppData\\Local\\Programs\\Microsoft VS Code\\bin;C:\\Users\\ste4o\\AppData\\Roaming\\npm;C:\\Users\\ste4o\\AppData\\Local\\GitHubDesktop\\bin",
    "PATHEXT": ".COM;.EXE;.BAT;.CMD;.VBS;.VBE;.JS;.JSE;.WSF;.WSH;.MSC",
    "PIPE_LOGGING": "true",
    "PROCESSOR_ARCHITECTURE": "AMD64",
    "PROCESSOR_IDENTIFIER": "Intel64 Family 6 Model 158 Stepping 10, GenuineIntel",
    "PROCESSOR_LEVEL": "6",
    "PROCESSOR_REVISION": "9e0a",
    "ProgramData": "C:\\ProgramData",
    "ProgramFiles": "C:\\Program Files",
    "ProgramFiles(x86)": "C:\\Program Files (x86)",
    "ProgramW6432": "C:\\Program Files",
    "PROMPT": "$P$G",
    "PSModulePath": "C:\\Program Files\\WindowsPowerShell\\Modules;C:\\Windows\\system32\\WindowsPowerShell\\v1.0\\Modules",
    "PUBLIC": "C:\\Users\\Public",
    "SESSIONNAME": "Console",
    "SystemDrive": "C:",
    "SystemRoot": "C:\\Windows",
    "TEMP": "C:\\Users\\ste4o\\AppData\\Local\\Temp",
    "TMP": "C:\\Users\\ste4o\\AppData\\Local\\Temp",
    "USERDOMAIN": "LAPTOP-G1SQTCVU",
    "USERDOMAIN_ROAMINGPROFILE": "LAPTOP-G1SQTCVU",
    "USERNAME": "ste4o",
    "USERPROFILE": "C:\\Users\\ste4o",
    "VERBOSE_LOGGING": "true",
    "VSCODE_CWD": "C:\\Users\\ste4o\\AppData\\Local\\Programs\\Microsoft VS Code",
    "VSCODE_HANDLES_UNCAUGHT_ERRORS": "true",
    "VSCODE_IPC_HOOK": "\\\\.\\pipe\\adc4fcea7a9a2055073d909132aa669c-1.44.2-main-sock",
    "VSCODE_IPC_HOOK_EXTHOST": "\\\\.\\pipe\\vscode-ipc-151fc79a-4416-4028-b1ea-ea5173aa3f1f-sock",
    "VSCODE_LOGS": "C:\\Users\\ste4o\\AppData\\Roaming\\Code\\logs\\20200419T132002",
    "VSCODE_LOG_STACK": "false",
    "VSCODE_NLS_CONFIG": "{\"locale\":\"en-us\",\"availableLanguages\":{},\"_languagePackSupport\":true}",
    "VSCODE_NODE_CACHED_DATA_DIR": "C:\\Users\\ste4o\\AppData\\Roaming\\Code\\CachedData\\ff915844119ce9485abfe8aa9076ec76b5300ddd",
    "VSCODE_PID": "14824",
    "windir": "C:\\Windows"
  },
  "sharedObjects": [
    "C:\\Program Files\\nodejs\\node.exe",
    "C:\\Windows\\SYSTEM32\\ntdll.dll",
    "C:\\Program Files\\AVAST Software\\Avast\\aswhook.dll",
    "C:\\Windows\\System32\\KERNEL32.DLL",
    "C:\\Windows\\System32\\KERNELBASE.dll",
    "C:\\Windows\\System32\\WS2_32.dll",
    "C:\\Windows\\System32\\RPCRT4.dll",
    "C:\\Windows\\System32\\ADVAPI32.dll",
    "C:\\Windows\\System32\\msvcrt.dll",
    "C:\\Windows\\System32\\sechost.dll",
    "C:\\Windows\\System32\\USER32.dll",
    "C:\\Windows\\System32\\win32u.dll",
    "C:\\Windows\\System32\\GDI32.dll",
    "C:\\Windows\\System32\\gdi32full.dll",
    "C:\\Windows\\System32\\msvcp_win.dll",
    "C:\\Windows\\System32\\ucrtbase.dll",
    "C:\\Windows\\System32\\PSAPI.DLL",
    "C:\\Windows\\System32\\CRYPT32.dll",
    "C:\\Windows\\System32\\MSASN1.dll",
    "C:\\Windows\\System32\\bcrypt.dll",
    "C:\\Windows\\SYSTEM32\\dbghelp.dll",
    "C:\\Windows\\SYSTEM32\\IPHLPAPI.DLL",
    "C:\\Windows\\SYSTEM32\\USERENV.dll",
    "C:\\Windows\\System32\\profapi.dll",
    "C:\\Windows\\SYSTEM32\\WINMM.dll",
    "C:\\Windows\\SYSTEM32\\WINMMBASE.dll",
    "C:\\Windows\\System32\\cfgmgr32.dll",
    "C:\\Windows\\System32\\bcryptPrimitives.dll",
    "C:\\Windows\\System32\\IMM32.DLL",
    "C:\\Windows\\System32\\powrprof.dll",
    "C:\\Windows\\System32\\UMPDC.dll",
    "C:\\Windows\\SYSTEM32\\CRYPTBASE.DLL",
    "C:\\Windows\\system32\\uxtheme.dll",
    "C:\\Windows\\System32\\combase.dll",
    "C:\\Windows\\system32\\mswsock.dll",
    "C:\\Windows\\System32\\kernel.appcore.dll",
    "C:\\Windows\\System32\\NSI.dll",
    "C:\\Windows\\SYSTEM32\\dhcpcsvc6.DLL",
    "C:\\Windows\\SYSTEM32\\dhcpcsvc.DLL",
    "C:\\Windows\\SYSTEM32\\DNSAPI.dll",
    "C:\\Windows\\system32\\napinsp.dll",
    "C:\\Windows\\system32\\pnrpnsp.dll",
    "C:\\Windows\\System32\\winrnr.dll",
    "C:\\Windows\\system32\\NLAapi.dll",
    "C:\\Windows\\system32\\wshbth.dll"
  ]
}